{"n_wires": 2, "structure": "AngleEmbedding(features[0], wires=range(n_wires))\n    BasicEntanglerLayers(params, wires=range(n_wires))\n    ExpVal(PauliZ(0))", "params": [[[-0.3062725568070069, -0.18039461431227682, -0.13475430661564325], [-0.11244725916155758, -0.7192797558074099, 0.044277975132922934]], [[-0.04313706683759205, -0.2718806977768299, -0.0579750980723327], [0.019949628972582484, 0.11768898141687079, -0.11571152483605814]], [[-0.24165344463893346, -0.8792926272427621, -0.19307672927203262], [-0.5100632840622311, 0.6143393878529874, -0.013436870460743199]], [[-0.02758907930813592, 0.010766014418183303, 0.03570202224039305], [-0.07327998003448528, -0.6844429042074058, -0.1620693741151242]]]}