{"n_wires": 2, "structure": "AngleEmbedding(features[0], wires=range(n_wires))\n    StronglyEntanglingLayers(params, wires=range(n_wires))\n    ExpVal(PauliZ(0))", "params": [[[-0.5526928235480293, -0.012280632286875374, -0.4127238151574781], [0.11322350513718142, -1.0899697587240118, -0.4965300781915511]], [[-0.58961001314082, 0.7608871242154361, 0.11041900703030569], [0.47624037719117834, -0.5829986411874096, 0.4712928145509758]], [[0.3870776650908865, -0.5716297642291898, 0.6131168584504972], [-0.7762314902675749, 1.2318480800846605, 0.5428907871127031]], [[0.4860493674252911, -0.19337580637561622, -0.45904416064814774], [0.3027821000916128, -0.8384220737007742, 0.33278053954323544]]]}