{"n_wires": 2, "structure": "AngleEmbedding(features[0], wires=range(n_wires))\n    StronglyEntanglingLayers(params, wires=range(n_wires))\n    ExpVal(PauliX(0))", "params": [[[-0.015269989379809215, -0.07967178495655884, 0.10128167708485923], [0.0003412333438265582, -0.5076164948036337, 0.15670888930274798]], [[0.057581538963819644, 0.27573693125476795, -0.034148494083086345], [-0.2833104134555315, -0.1092688075922364, -0.36929628760111743]], [[-0.4872724322746125, 0.1683434950250735, -0.4992743780161525], [-0.13754371045439764, -0.47045223734047686, -0.0074271729038193745]], [[-0.013154761000685015, 0.18791408603945872, 0.05249578750046256], [0.06329694096833482, -1.3643752799472304, -0.04243974338603669]]]}