{"n_wires": 2, "structure": "AngleEmbedding(features[0], wires=range(n_wires))\n    StronglyEntanglingLayers(params, wires=range(n_wires))\n    ExpVal(PauliX(0))", "params": [[[-0.11630931532226639, -0.1286500833829233, -1.0805080094354776e-05], [0.019462981697669135, -0.7483713831877238, 0.1335988047382265]], [[0.04429909462557024, 0.09127303540067401, -0.048219960573803664], [-0.12261762428350736, -0.18301630467493196, -0.19189068520335853]], [[-0.32110987677134106, 0.09964641370785268, -0.32599593353421813], [-0.2721427576589896, -0.399560847215622, -0.1503391446817864]], [[-0.16030216590697294, 0.09441919517689926, -0.10296136569081332], [0.038274363050038625, -1.0161381215431633, -0.11072278223021835]]]}