{"n_wires": 2, "structure": "AngleEmbedding(features[0], wires=range(n_wires))\n    StronglyEntanglingLayers(params, wires=range(n_wires))\n    ExpVal(PauliX(0))", "params": [[[0.5279583490169221, -0.012565529853787468, 0.4337494297180165], [0.13598040094680233, -0.21498052807530676, 0.32027185433358685]], [[0.2581183512264363, -0.3922275847615572, 0.17590986669194758], [0.3114828081742656, -0.5507429117569055, 0.06796414197459]], [[-0.04732097432676514, 0.0025133379737473354, -0.062084974239104494], [0.12030330135173462, 0.5527674285852717, 0.24369025483324014]]]}