{"n_wires": 2, "structure": "AngleEmbedding(features[0], wires=range(n_wires))\n    StronglyEntanglingLayers(params, wires=range(n_wires))\n    ExpVal(PauliZ(0))", "params": [[[0.13703175485232885, -0.2790224098107711, 0.20309160896165326], [-0.0027767663640017003, -0.9542224956812395, 0.14707624523787347]], [[0.17922130186007312, 0.8352513861105404, 0.08259243825203855], [0.3282042589618525, 0.7379324075879694, 0.4073526074888669]], [[0.2910377488526243, -0.8443784103409134, 0.7437223144557457], [-0.8692662453985794, 0.435334931643442, 0.3031047437815453]], [[0.5149014515548677, 0.5177999314104337, 0.5751788289776278], [-0.31604768003500955, -1.0670363794610414, 0.30542190253794765]]]}