{"n_wires": 2, "structure": "AngleEmbedding(features[0], wires=range(n_wires))\n    BasicEntanglerLayers(params, wires=range(n_wires))\n    ExpVal(PauliZ(0))", "params": [[[-0.13856938389375542, -0.12510846850009116, -0.024407078852712004], [-0.08319482065457452, -0.7536728733813851, 0.03509282397685264]], [[-0.05910833565880548, -0.226466879885913, -0.0793053026633236], [0.015513001851806232, 0.2589391448944114, -0.06772146495343614]], [[-0.19188930201806426, -0.3615879072872329, -0.1542372805157372], [-0.404994548008816, 0.3031434729566016, -0.019276342174991804]], [[-0.029438576562024057, -0.0037812501644241716, 0.03159110122643027], [-0.0902554049073285, -0.7724722425588835, -0.16167241865436352]]]}