{"n_wires": 2, "structure": "AngleEmbedding(features[0], wires=range(n_wires))\n    StronglyEntanglingLayers(params, wires=range(n_wires))\n    ExpVal(PauliX(0))", "params": [[[-0.011393692586019522, -0.026171965831914345, 0.11369774245899508], [-0.06042811772330002, -0.17391298441048356, 0.11113778615419238]], [[0.01783061784023534, 0.11658940140355702, -0.07210733658126095], [-0.3359585051284745, -0.09289199687735078, -0.4025155557417096]], [[-0.5267322250823142, 0.19864692018844166, -0.5500972888245775], [-0.10477440708120964, -0.3740360027414164, 0.03197078557142943]], [[0.023725513162102536, 0.09010886800155236, 0.09985219047899517], [0.003832438598352323, -1.2127916072844838, -0.09363784081650427]]]}