{"n_wires": 2, "structure": "AngleEmbedding(features[0], wires=range(n_wires))\n    StronglyEntanglingLayers(params, wires=range(n_wires))\n    ExpVal(PauliX(0))", "params": [[[0.487238344448169, -0.42201401050218507, 0.4560935763248987], [0.04646209573237107, -0.13593313749774372, 0.21417382741127972]], [[0.13564825886734885, -0.5399647060802469, 0.05502483486096041], [0.2493292701696403, -0.3738419863386673, 0.11438799069492687]], [[-0.007456172661562294, -0.20460000607039006, -0.0036944776558421083], [0.23996617498794534, 0.5161345845767265, 0.4091889117094493]]]}