{"n_wires": 2, "structure": "AngleEmbedding(features[0], wires=range(n_wires))\n    StronglyEntanglingLayers(params, wires=range(n_wires))\n    ExpVal(PauliZ(0))", "params": [[[0.4516514181169242, -0.927886267326356, 0.1540468171483361], [0.20548207029910254, -0.5915013183999787, 0.28022485372441763]], [[0.24692854889721474, 0.2004776414779475, 0.002139354637901134], [0.4221641688108587, -0.6435369997111431, 0.15035499072801858]], [[-0.21404430418207976, -0.18234979075743876, 0.054173941616134313], [-0.050795497127563066, 0.7977234238350449, 0.04607619165831891]]]}