{"n_wires": 2, "structure": "AngleEmbedding(features[0], wires=range(n_wires))\n    BasicEntanglerLayers(params, wires=range(n_wires))\n    ExpVal(PauliZ(0))", "params": [[[-0.4329947671782102, -0.32923513289236467, -0.09814929721092212], [-0.266891294244231, -0.4107644778148867, -0.014392484292214416]], [[-0.09911309848825292, -0.0050113634703712225, -0.02492754480642524], [0.14256890432020008, 0.2924398475872872, -0.1394001731176215]], [[-0.2746025107703436, -1.4555403643806166, -0.0335946896843647], [-0.7698017611083594, 1.2726213626928782, -0.00618969299060112]], [[-0.03958994548964233, -0.00971757333507573, 0.04119081531181662], [-0.4714500745687595, -0.14640623878668188, -0.16031528498188774]]]}