{"n_wires": 2, "structure": "AngleEmbedding(features[0], wires=range(n_wires))\n    StronglyEntanglingLayers(params, wires=range(n_wires))\n    ExpVal(PauliX(0))", "params": [[[-0.21877323731590118, -0.11774118062301192, -0.02193394852872267], [-0.22288315511058274, 0.07915944074882544, -0.008839321659878408]], [[-0.07662155596007335, 0.8586452229934909, -0.22168649720527223], [0.38061539480531076, 0.004716851602902125, 0.266199968445509]], [[0.20791593501510106, -0.5755678231003342, 0.0971383985506408], [-0.5246685653962869, -0.5739446535602531, -0.3384637527783819]], [[-0.34795508843852296, 0.08779216986593821, -0.2584477501647037], [0.03365389494968622, -0.24910885157814255, -0.05626395363293893]], [[0.2528182137180643, -0.168413942601395, 0.15563789664001157], [0.20750625829397182, -0.11480811684801592, 0.19043707297249457]]]}