{"n_wires": 2, "structure": "AngleEmbedding(features[0], wires=range(n_wires))\n    StronglyEntanglingLayers(params, wires=range(n_wires))\n    ExpVal(PauliZ(0))", "params": [[[0.6937770163115563, -0.09306190558377277, 0.02219338409278973], [0.39276530197598514, -0.9606490298696579, 0.23517879380957032]], [[0.18292503392912435, 0.5286407359965866, 0.13989106474083268], [0.21628789899103956, -0.5149630905467528, 0.1471093305435152]], [[0.11241995121900607, -0.22132760272618776, -0.3352862732272567], [-0.8153406707820979, 0.26077236558332373, -0.6640743675324233]], [[-0.6553747012212169, 0.19231125148533992, -0.6507091116340943], [0.20415895599893394, -0.7993326296774373, 0.09538117815210397]], [[-0.060193668307539916, -0.33800686641481775, -0.12195026153572103], [-0.21816613735957727, 0.7890313972160433, -0.6233238740845759]]]}